label,replace by
article,
controlled study,
metabolism,
performance,
current density,
catalyst activity,
electrode,
electrodes,
efficient,
oxidation,
oxidation reactions,
evolution,
hydrogen,
oxygen,
energy,
water,
reduction,
foam,
catalyst,electrocatalyst
catalysts,electrocatalyst
electrocatalysts,electrocatalyst
hydrogen-production,hydrogen production
electrooxidation,electrochemical oxidation
hydrogen evolution,hydrogen evolution reaction
urea oxidation,urea oxidation reaction
